timeStamp,elapsed,label,responseCode,responseMessage,threadName,dataType,success,failureMessage,bytes,sentBytes,grpThreads,allThreads,URL,Latency,IdleTime,Connect
1662450290653,156,First,200,OK,JMeter_HW_1 1-1,text,true,,195,127,1,1,http://162.55.220.72:5005/first,156,0,74
1662450290810,145,First,200,OK,JMeter_HW_1 1-1,text,true,,195,127,1,1,http://162.55.220.72:5005/first,144,0,67
1662450290955,143,First,200,OK,JMeter_HW_1 1-1,text,true,,195,127,1,1,http://162.55.220.72:5005/first,143,0,69
1662450291099,144,First,200,OK,JMeter_HW_1 1-1,text,true,,195,127,1,1,http://162.55.220.72:5005/first,144,0,69
1662450291243,151,First,200,OK,JMeter_HW_1 1-1,text,true,,195,127,1,1,http://162.55.220.72:5005/first,151,0,73
1662450291666,137,First,200,OK,JMeter_HW_1 1-2,text,true,,195,127,1,1,http://162.55.220.72:5005/first,137,0,67
1662450291804,137,First,200,OK,JMeter_HW_1 1-2,text,true,,195,127,1,1,http://162.55.220.72:5005/first,137,0,65
1662450291942,135,First,200,OK,JMeter_HW_1 1-2,text,true,,195,127,1,1,http://162.55.220.72:5005/first,135,0,64
1662450292078,135,First,200,OK,JMeter_HW_1 1-2,text,true,,195,127,1,1,http://162.55.220.72:5005/first,134,0,63
1662450292213,144,First,200,OK,JMeter_HW_1 1-2,text,true,,195,127,1,1,http://162.55.220.72:5005/first,144,0,67
